"","X","school.name","lat","lon","addr","zipcode","borough"
"1",1,"Young Women's Leadership School, Queens",40.7083678,-73.8040135,"150-91 87th Rd, Jamaica, NY 11432, USA",11432,"Queens"
"2",2,"Young Women's Leadership School, Astoria",40.7712552,-73.924167,"23-15 Newtown Ave, Astoria, NY 11102, USA",11102,"Queens"
"3",3,"Young Women's Leadership School of Brooklyn",40.7049715,-73.9389751,"325 Bushwick Ave, Brooklyn, NY 11206, USA",11206,"Brooklyn"
"4",4,"Young Women's Leadership School",40.792935,-73.9471679,"105 E 106th St #9, New York, NY 10029, USA",10029,"Manhattan"
"5",5,"York Early College Academy",40.697102,-73.7865575,"108-35 167th St, Jamaica, NY 11433, USA",11433,"Queens"
"6",6,"World View High School",40.8813441,-73.8872867,"100 W Mosholu Pkwy S, Bronx, NY 10468, USA",10468,"Bronx"
"7",7,"World Journalism Preparatory: A College Board Scho",40.7648343,-73.7897125,"34-65 192nd St, Flushing, NY 11358, USA",11358,"Queens"
"8",8,"World Academy for Total Community Health High Scho",40.6668454,-73.8952889,"400 Pennsylvania Ave, Brooklyn, NY 11207, USA",11207,"Brooklyn"
"9",9,"Women's Academy of Excellence",40.8149607,-73.8560605,"456 White Plains Rd, Bronx, NY 10473, USA",10473,"Bronx"
"10",10,"Wings Academy",40.8416248,-73.8751818,"1122 E 180th St, Bronx, NY 10460, USA",10460,"Bronx"
"11",11,"Williamsburg Preparatory School",40.715345,-73.9547924,"257 N 6th St, Brooklyn, NY 11211, USA",11211,"Brooklyn"
"12",12,"Williamsburg High School for Architecture and Desi",40.7154923,-73.9550398,"257 N 6th St, Brooklyn, NY 11211, USA",11211,"Brooklyn"
"13",13,"Williamsburg Collegiate Charter School",40.7059027,-73.9620195,"157 Wilson St, Brooklyn, NY 11211, USA",11211,"Brooklyn"
"14",14,"Williamsburg Charter High School",40.7035099,-73.9358033,"198 Varet St, Brooklyn, NY 11206, USA",11206,"Brooklyn"
"15",15,"William E. Grady Career and Technical Education Hi",40.5832553,-73.9634295,"25 Brighton 4th Rd, Brooklyn, NY 11235, USA",11235,"Brooklyn"
"16",16,"William Cullen Bryant High School",40.757456,-73.9106198,"4810 31st Ave, Long Island City, NY 11103, USA",11103,"Queens"
"17",17,"Westchester Square Academy",40.8400627,-73.838045,"3000 E Tremont Ave, Bronx, NY 10461, USA",10461,"Bronx"
"18",18,"West Bronx Academy for the Future",40.8595423,-73.8885964,"500 E Fordham Rd, Bronx, NY 10458, USA",10458,"Bronx"
"19",19,"Washington Irving High School",40.7355487,-73.9874908,"40 Irving Pl, New York, NY 10003, USA",10003,"Manhattan"
"20",20,"Washington Heights Expeditionary Learning School",40.8490987,-73.9311063,"511 W 182nd St, New York, NY 10033, USA",10033,"Manhattan"
"21",21,"Wadleigh Secondary School for the Performing & Vis",40.8025744,-73.9541403,"215 W 114th St, New York, NY 10026, USA",10026,"Manhattan"
"22",22,"W. H. Maxwell Career and Technical Education High",40.6738562,-73.8961578,"145 Pennsylvan Ave, Brooklyn, NY 11207, USA",11207,"Brooklyn"
"23",23,"Victory Collegiate High School",40.6335392,-73.9174421,"6565 Flatlands Ave, Brooklyn, NY 11236, USA",11236,"Brooklyn"
"24",24,"Veritas Academy",40.7650103,-73.8268537,"35-01 Union St, Flushing, NY 11354, USA",11354,"Queens"
"25",25,"Vanguard High School",40.7653683,-73.9596962,"317 E 67th St, New York, NY 10065, USA",10065,"Manhattan"
"26",26,"Validus Preparatory Academy: An Expeditionary Lear",40.8394126,-73.9019033,"1595 Bathgate Ave, Bronx, NY 10457, USA",10457,"Bronx"
"27",27,"Urban Assembly School of Design and Construction,",40.765536,-73.993163,"525 W 50th St, New York, NY 10019, USA",10019,"Manhattan"
"28",28,"Urban Assembly School of Business for Young Women,",40.7054423,-74.0128882,"26 Broadway, New York, NY 10004, USA",10004,"Manhattan"
"29",29,"Urban Assembly School for Wildlife Conservation",40.8439832,-73.8844851,"2024 Mohegan Ave, Bronx, NY 10460, USA",10460,"Bronx"
"30",30,"Urban Assembly School for the Performing Arts",40.8157451,-73.9556,"509 W 129th St, New York, NY 10027, USA",10027,"Manhattan"
"31",31,"Urban Assembly School for Media Studies, The",40.7747793,-73.98472,"122 Amsterdam Ave, New York, NY 10023, USA",10023,"Manhattan"
"32",32,"Urban Assembly School for Criminal Justice",40.634902,-73.9824061,"4200 16th Ave, Brooklyn, NY 11204, USA",11204,"Brooklyn"
"33",33,"Urban Assembly School for Careers in Sports",40.8225735,-73.9235453,"730 Concourse Village W, Bronx, NY 10451, USA",10451,"Bronx"
"34",34,"Urban Assembly School for Applied Math and Science",40.8394571,-73.9018947,"1595 Bathgate Ave, Bronx, NY 10457, USA",10457,"Bronx"
"35",35,"Urban Assembly New York Harbor School",40.6907422,-74.0205672,"550 Short Ave, Brooklyn, NY 11231, USA",11231,"Brooklyn"
"36",36,"Urban Assembly Maker Academy",40.7110242,-74.0016572,"411 Pearl St #417, New York, NY 10038, USA",10038,"Manhattan"
"37",37,"Urban Assembly Institute of Math and Science for Y",40.6946578,-73.9883234,"283 Adams St, Brooklyn, NY 11201, USA",11201,"Brooklyn"
"38",38,"Urban Assembly High School of Music and Art",40.697313,-73.9846925,"49 Flatbush Ave Ext, Brooklyn, NY 11201, USA",11201,"Brooklyn"
"39",39,"Urban Assembly Gateway School for Technology",40.7639937,-73.9904866,"439 W 49th St, New York, NY 10019, USA",10019,"Manhattan"
"40",40,"Urban Assembly Academy of Government and Law, The",40.717321,-73.989323,"350 Grand St, New York, NY 10002, USA",10002,"Manhattan"
"41",41,"Urban Action Academy",40.640423,-73.8984517,"1600 Rockaway Pkwy, Brooklyn, NY 11236, USA",11236,"Brooklyn"
"42",42,"University Prep Charter High School",40.8145265,-73.9123068,"600 St Ann's Ave, Bronx, NY 10455, USA",10455,"Bronx"
"43",43,"University Neighborhood High School",40.71226,-73.9838742,"200 Monroe St, New York, NY 10002, USA",10002,"Manhattan"
"44",44,"University Heights Secondary School",40.8181071,-73.9114331,"701 St Ann's Ave, Bronx, NY 10455, USA",10455,"Bronx"
"45",45,"Unity Center for Urban Technologies",40.7241219,-74.0051608,"121 6th Ave, New York, NY 10013, USA",10013,"Manhattan"
"46",46,"Union Square Academy for Health Sciences",40.7354911,-73.9874171,"40 Irving Pl, New York, NY 10003, USA",10003,"Manhattan"
"47",47,"Transit Tech Career and Technical Education High S",40.678748,-73.8752132,"1 Wells St, Brooklyn, NY 11208, USA",11208,"Brooklyn"
"48",48,"Townsend Harris High School",40.7349867,-73.821365,"149-11 Melbourne Ave, Flushing, NY 11367, USA",11367,"Queens"
"49",49,"Tottenville High School",40.5278857,-74.1932553,"100 Luten Ave, Staten Island, NY 10312, USA",10312,"Staten Island"
"50",50,"Thurgood Marshall Academy for Learning and Social",40.8152252,-73.9443209,"200-214 W 135th St, New York, NY 10030, USA",10030,"Manhattan"
"51",51,"Thomas A. Edison Career and Technical Education Hi",40.7162714,-73.7983076,"165-65 84th Ave, Jamaica, NY 11432, USA",11432,"Queens"
"52",52,"Theatre Arts Production Company School",40.8546548,-73.8970362,"2225 Webster Avenue, Bronx, NY 10457, United States",10457,"Bronx"
"53",53,"The Urban Assembly School for Law and Justice",40.6946132,-73.9883212,"283 Adams St, Brooklyn, NY 11201, USA",11201,"Brooklyn"
"54",54,"The Urban Assembly School for Green Careers",40.785994,-73.97417,"145 W 84th St, New York, NY 10024, USA",10024,"Manhattan"
"55",55,"The Urban Assembly School for Global Commerce",40.8069921,-73.9386038,"2005 Madison Ave, New York, NY 10035, USA",10035,"Manhattan"
"56",56,"The Urban Assembly School for Emergency Management",40.7110316,-74.0013216,"411 Pearl St, New York, NY 10038, USA",10038,"Manhattan"
"57",57,"The Urban Assembly School for Collaborative Health",40.6929603,-73.8690232,"999 Jamaica Ave, Brooklyn, NY 11208, USA",11208,"Brooklyn"
"58",58,"The Urban Assembly Bronx Academy of Letters",40.81366,-73.925999,"339 Morris Ave, Bronx, NY 10451, USA",10451,"Bronx"
"59",59,"The Uft Charter School",40.6598508,-73.8855899,"800 Van Siclen Ave, Brooklyn, NY 11207, USA",11207,"Brooklyn"
"60",60,"The School for Classics: An Academy of Thinkers, W",40.6695156,-73.8741107,"370 Fountain Ave, Brooklyn, NY 11208, USA",11208,"Brooklyn"
"61",61,"The Opportunity Charter School",40.8014375,-73.955707,"240 W 113th St, New York, NY 10026, USA",10026,"Manhattan"
"62",62,"The Michael J. Petrides School",40.6081534,-74.1055942,"715 Ocean Terrace, Staten Island, NY 10301, USA",10301,"Staten Island"
"63",63,"The Metropolitan Soundview High School",40.8321278,-73.8777215,"1300 Boynton Ave, Bronx, NY 10472, USA",10472,"Bronx"
"64",64,"The Marie Curie School for Medicine, Nursing, and",40.8755907,-73.9017195,"120 W 231st St, Bronx, NY 10463, USA",10463,"Bronx"
"65",65,"The High School of Fashion Industries",40.74566,-73.996412,"225 W 24th St, New York, NY 10011, USA",10011,"Manhattan"
"66",66,"THE HIGH SCHOOL FOR LANGUAGE AND DIPLOMACY",40.7353237,-73.9870812,"40 Irving Pl, New York, NY 10003, USA",10003,"Manhattan"
"67",67,"The High School for Global Citizenship",40.6699561,-73.9611201,"883 Classon Ave, Brooklyn, NY 11225, USA",11225,"Brooklyn"
"68",68,"The High School for Enterprise, Business and Techn",40.711777,-73.9392113,"850 Grand St, Brooklyn, NY 11211, USA",11211,"Brooklyn"
"69",69,"The Global Learning Collaborative",40.785992,-73.9743724,"145 W 84th St, New York, NY 10024, USA",10024,"Manhattan"
"70",70,"The Equality Charter School",40.8641362,-73.8239598,"4140 Hutchinson River Pkwy E, Bronx, NY 10475, USA",10475,"Bronx"
"71",71,"The College Academy",40.8608456,-73.9301494,"4600 Broadway, New York, NY 10040, USA",10040,"Manhattan"
"72",72,"THE CINEMA SCHOOL",40.8324461,-73.8781481,"1551 E 172nd St, Bronx, NY 10472, USA",10472,"Bronx"
"73",73,"The Brooklyn School for Math and Research",40.6970064,-73.9117456,"400 Irving Ave, Brooklyn, NY 11237, USA",11237,"Brooklyn"
"74",74,"The Brooklyn Academy of Global Finance",40.6916161,-73.9332726,"125 Stuyvesant Ave, Brooklyn, NY 11221, USA",11221,"Brooklyn"
"75",75,"The Bronxwood Preparatory Academy",40.8882379,-73.85261,"921 E 228th St, Bronx, NY 10466, USA",10466,"Bronx"
"76",76,"Teachers Preparatory High School",40.6654883,-73.9120541,"Brooklyn, NY 11212, USA",11212,"Brooklyn"
"77",77,"Talent Unlimited High School",40.7660749,-73.9600658,"300 E 68th St, New York, NY 10065, USA",10065,"Manhattan"
"78",78,"Susan E. Wagner High School",40.5972873,-74.1251624,"1200 Manor Rd, Staten Island, NY 10314, USA",10314,"Staten Island"
"79",79,"Sunset Park High School",40.6551493,-74.0041149,"153 35th St, Brooklyn, NY 11232, USA",11232,"Brooklyn"
"80",80,"Summit Academy Charter School",40.6775869,-74.0047002,"27 Huntington St, Brooklyn, NY 11231, USA",11231,"Brooklyn"
"81",81,"Stuyvesant High School",40.7179842,-74.0138707,"345 Chambers St, New York, NY 10282, USA",10282,"Queens"
"82",82,"Stephen T. Mather Building Arts & Craftsmanship Hi",40.7638485,-73.9902785,"4, 439 W 49th St, New York, NY 10019, USA",10019,"Manhattan"
"83",83,"Staten Island Technical High School",40.5676214,-74.1181129,"485 Clawson St, Staten Island, NY 10306, USA",10306,"Staten Island"
"84",84,"Special Music School",40.7752064,-73.9831573,"129 W 67th St, New York, NY 10023, USA",10023,"Manhattan"
"85",85,"South Bronx Preparatory: A College Board School",40.8137231,-73.9206428,"360 E 145th St, Bronx, NY 10454, USA",10454,"Bronx"
"86",86,"Sheepshead Bay High School",40.59314,-73.936638,"3000 Avenue X, Brooklyn, NY 11235, USA",11235,"Brooklyn"
"87",87,"Secondary School for Law",40.6694296,-73.9788092,"237 7th Ave, Brooklyn, NY 11215, USA",11215,"Brooklyn"
"88",88,"Secondary School for Journalism",40.6694296,-73.9788092,"237 7th Ave, Brooklyn, NY 11215, USA",11215,"Brooklyn"
"89",89,"Science, Technology and Research Early College Hig",40.6495006,-73.9571733,"911 Flatbush Ave, Brooklyn, NY 11226, USA",11226,"Brooklyn"
"90",90,"Science Skills Center High School for Science, Tec",40.6975191,-73.9847778,"49 Flatbush Ave Ext, Brooklyn, NY 11201, USA",11201,"Brooklyn"
"91",91,"Schuylerville Preparatory High School",40.8401731,-73.8393567,"3000 E Tremont Ave, Bronx, NY 10461, USA",10461,"Bronx"
"92",92,"School of the Future High School",40.7390867,-73.9853658,"127 E 22nd St, New York, NY 10010, USA",10010,"Manhattan"
"93",93,"School for Tourism and Hospitality",40.8217781,-73.9027626,"900 Tinton Ave, Bronx, NY 10456, USA",10456,"Bronx"
"94",94,"School for Legal Studies",40.7117723,-73.9391255,"850 Grand St, Brooklyn, NY 11211, USA",11211,"Brooklyn"
"95",95,"School for International Studies",40.6853525,-73.9937249,"284 Baltic St, Brooklyn, NY 11201, USA",11201,"Brooklyn"
"96",96,"School for Human Rights, The",40.658665,-73.943838,"600 Kingston Ave, Brooklyn, NY 11203, USA",11203,"Brooklyn"
"97",97,"School for Excellence",40.8273033,-73.9045097,"1100 Boston Rd, Bronx, NY 10456, USA",10456,"Bronx"
"98",98,"School for Democracy and  Leadership",40.658665,-73.943838,"600 Kingston Ave, Brooklyn, NY 11203, USA",11203,"Brooklyn"
"99",99,"Scholars' Academy",40.5842665,-73.8251698,"320 Beach 104th St, Rockaway Park, NY 11694, USA",11694,"Queens"
"100",100,"Samuel Gompers Career and Technical Education High",40.810415,-73.9075759,"455 Southern Blvd, Bronx, NY 10455, USA",10455,"Bronx"
"101",101,"Rockaway Park High School for Environmental Sustai",40.5865189,-73.8234853,"100-00 Beach Channel Dr, Rockaway Park, NY 11694, USA",11694,"Queens"
"102",102,"Rockaway Collegiate High School",40.5866656,-73.823435,"100-00 Beach Channel Dr, Rockaway Park, NY 11694, USA",11694,"Queens"
"103",103,"Robert H. Goddard High School of Communication Art",40.6709381,-73.8456699,"138-30 Lafayette St, Ozone Park, NY 11417, USA",11417,"Queens"
"104",104,"Robert F. Wagner, Jr. Secondary School for Arts an",40.7414438,-73.9369395,"4707 30th Pl, Long Island City, NY 11101, USA",11101,"Queens"
"105",105,"Robert F. Kennedy Community High School",40.7253501,-73.8113253,"75-40 Parsons Blvd, Flushing, NY 11366, USA",11366,"Queens"
"106",106,"Riverdale / Kingsbridge Academy (Middle School / H",40.8876623,-73.9135704,"660 W 236th St, Bronx, NY 10463, USA",10463,"Bronx"
"107",107,"Richmond Hill High School",40.6949616,-73.8340778,"89-30 114th St, Richmond Hill, NY 11418, USA",11418,"Queens"
"108",108,"Richard R. Green High School of Teaching",40.7054431,-74.0129291,"7 Beaver St, New York, NY 10004, USA",10004,"Manhattan"
"109",109,"Repertory Company High School for Theatre Arts",40.7561154,-73.9844504,"123 W 43rd St #2, New York, NY 10036, USA",10036,"Manhattan"
"110",110,"Renaissance High School for Musical Theater & Tech",40.8401731,-73.8393567,"3000 E Tremont Ave, Bronx, NY 10461, USA",10461,"Bronx"
"111",111,"Renaissance Charter School",40.7499835,-73.8851717,"35-59 81st St, Jackson Heights, NY 11372, USA",11372,"Queens"
"112",112,"Renaissance Charter High School for Innovation",40.7850266,-73.9420076,"410 E 100th St #2nd, New York, NY 10029, USA",10029,"Manhattan"
"113",113,"Ralph R. McKee Career and Technical Education High",40.6427954,-74.0792526,"290 St Marks Pl, Staten Island, NY 10301, USA",10301,"Staten Island"
"114",114,"Rachel Carson High School for Coastal Studies",40.582487,-73.9718778,"521 West Ave, Brooklyn, NY 11224, USA",11224,"Brooklyn"
"115",115,"Quest to Learn",40.7433678,-74.0025475,"351 W 18th St, New York, NY 10011, USA",10011,"Manhattan"
"116",116,"Queens Vocational and Technical High School",40.741992,-73.927947,"37-02 47th Ave, Long Island City, NY 11101, USA",11101,"Queens"
"117",117,"Queens School of Inquiry, The",40.724191,-73.80937,"158-40 76th Rd, Flushing, NY 11366, USA",11366,"Queens"
"118",118,"Queens Preparatory Academy",40.6682778,-73.756888,"143-10 Springfield Blvd, Springfield Gardens, NY 11413, USA",11413,"Queens"
"119",119,"QUEENS METROPOLITAN HIGH SCHOOL",40.7085723,-73.8556439,"91-30 Metropolitan Ave, Forest Hills, NY 11375, USA",11375,"Queens"
"120",120,"Queens High School of Teaching, Liberal Arts and t",40.744121,-73.728799,"74-20 Commonwealth Blvd, Queens, NY 11426, USA",11426,"Queens"
"121",121,"Queens High School for the Sciences at York Colleg",40.7009286,-73.7983153,"94-50 159th St, Jamaica, NY 11451, USA",11451,"Queens"
"122",122,"Queens High School for Language Studies",40.7649086,-73.827688,"35-01 Union St, Flushing, NY 11354, USA",11354,"Queens"
"123",123,"Queens High School for Information, Research, and",40.601532,-73.763979,"8-21 Bay 25th St, Far Rockaway, NY 11691, USA",11691,"Queens"
"124",124,"Queens Gateway to Health Sciences Secondary School",40.718422,-73.8058837,"160-20 Goethals Ave, Jamaica, NY 11432, USA",11432,"Queens"
"125",125,"Queens Collegiate: A College Board School",40.7141939,-73.7979008,"16701 Gothic Dr, Jamaica, NY 11432, USA",11432,"Queens"
"126",126,"PROGRESS High School for Professional Careers",40.711809,-73.939075,"850 Grand St, Brooklyn, NY 11211, USA",11211,"Brooklyn"
"127",127,"Professional Performing Arts High School",40.7615598,-73.9884908,"328 W 48th St, New York, NY 10036, USA",10036,"Manhattan"
"128",128,"Preparatory Academy for Writers: A College Board S",40.6679692,-73.7580558,"143-10 Springfield Blvd, Springfield Gardens, NY 11413, USA",11413,"Queens"
"129",129,"Port Richmond High School",40.634843,-74.142015,"85 St Josephs Ave, Staten Island, NY 10302, USA",10302,"Staten Island"
"130",130,"Performing Arts and Technology High School",40.6668454,-73.8952889,"400 Pennsylvania Ave, Brooklyn, NY 11207, USA",11207,"Brooklyn"
"131",131,"Pelham Preparatory Academy",40.8603656,-73.8602473,"925 Astor Ave, Bronx, NY 10469, USA",10469,"Bronx"
"132",132,"Pelham Lab High School",40.8398127,-73.8379652,"3000 E Tremont Ave, Bronx, NY 10461, USA",10461,"Bronx"
"133",133,"Peace and Diversity Academy",40.827719,-73.8970008,"1180 Rev James A Polite Ave, Bronx, NY 10459, USA",10459,"Bronx"
"134",134,"Pathways in Technology Early College High School (",40.6759682,-73.9392494,"150 Albany Ave, Brooklyn, NY 11213, USA",11213,"Brooklyn"
"135",135,"Pathways College Preparatory School: A College Boa",40.7057537,-73.7527082,"109-89 204th St, St. Albans, NY 11412, USA",11412,"Queens"
"136",136,"Park Slope Collegiate",40.6694296,-73.9788092,"237 7th Ave, Brooklyn, NY 11215, USA",11215,"Brooklyn"
"137",137,"Park East High School",40.7903307,-73.9440649,"230 E 105th St, New York, NY 10029, USA",10029,"Manhattan"
"138",138,"Pan American International High School at Monroe",40.8321278,-73.8777215,"1300 Boynton Ave, Bronx, NY 10472, USA",10472,"Bronx"
"139",139,"Pan American International High School",40.743329,-73.871507,"45-10 94th St, Queens, NY 11373, USA",11373,"Queens"
"140",140,"Pace High School",40.7161208,-73.9940528,"100 Hester St, New York, NY 10002, USA",10002,"Manhattan"
"141",141,"Pablo Neruda Academy",40.8213444,-73.8556733,"1980 Lafayette Ave # 4, Bronx, NY 10473, USA",10473,"Bronx"
"142",142,"Origins High School",40.5934398,-73.9367824,"3000 Avenue X, Brooklyn, NY 11235, USA",11235,"Brooklyn"
"143",143,"Ocean Hill Collegiate Charter School",40.6780824,-73.9159194,"1137 Herkimer St, Brooklyn, NY 11233, USA",11233,"Brooklyn"
"144",144,"NYC iSchool",40.7244276,-74.0048709,"131 6th Ave, New York, NY 10013, USA",10013,"Manhattan"
"145",145,"NYC Charter High School for Architecture, Engineer",40.8218406,-73.9105384,"838 Brook Ave, Bronx, NY 10451, USA",10451,"Bronx"
"146",146,"Northside Charter High School",40.719717,-73.9484512,"424 Leonard St, Brooklyn, NY 11222, USA",11222,"Brooklyn"
"147",147,"Newtown High School",40.7408369,-73.8739856,"48-01 90th St, Elmhurst, NY 11373, USA",11373,"Queens"
"148",148,"Newcomers High School",40.7514349,-73.9369976,"28-01 41st Ave, Long Island City, NY 11101, USA",11101,"Queens"
"149",149,"New World High School",40.8883728,-73.8527494,"921 E 228th St, Bronx, NY 10466, USA",10466,"Bronx"
"150",150,"New Visions Charter High School for the Humanities",40.8775187,-73.9132554,"99 Terrace View Ave, Bronx, NY 10463, USA",10463,"Bronx"
"151",151,"New Visions Charter High School for Advanced Math",40.59314,-73.936638,"3000 Avenue X, Brooklyn, NY 11235, USA",11235,"Brooklyn"
"152",152,"New Utrecht High School",40.6134264,-74.0029406,"1601 80th St, Brooklyn, NY 11214, USA",11214,"Brooklyn"
"153",153,"New Heights Academy Charter School",40.8286152,-73.9454018,"1818 Amsterdam Ave, New York, NY 10031, USA",10031,"Manhattan"
"154",154,"New Explorers High School",40.8226154,-73.9233477,"730 Concourse Village W, Bronx, NY 10451, USA",10451,"Bronx"
"155",155,"New Explorations into Science, Technology and Math",40.719485,-73.979552,"111 Columbia St, New York, NY 10002, USA",10002,"Manhattan"
"156",156,"New Dorp High School",40.5695781,-74.1073767,"465 New Dorp Ln, Staten Island, NY 10306, USA",10306,"Staten Island"
"157",157,"New Design High School",40.7173162,-73.989318,"4, 350 Grand St, New York, NY 10002, USA",10002,"Manhattan"
"158",158,"Nelson Mandela High School",40.6789033,-73.9314906,"1700 Fulton St, Brooklyn, NY 11213, USA",11213,"Brooklyn"
"159",159,"N.Y.C. Museum School",40.7425709,-74.0023709,"333 W 17th St, New York, NY 10011, USA",10011,"Manhattan"
"160",160,"N.Y.C. Lab School for Collaborative Studies",40.7425709,-74.0023709,"333 W 17th St, New York, NY 10011, USA",10011,"Manhattan"
"161",161,"Murry Bergtraum High School for Business Careers",40.7113418,-74.0019945,"411 Pearl St, New York, NY 10038, USA",10038,"Manhattan"
"162",162,"Multicultural High School",40.6930052,-73.8690682,"999 Jamaica Ave, Brooklyn, NY 11208, USA",11208,"Brooklyn"
"163",163,"Mott Haven Village Preparatory High School",40.8181071,-73.9114331,"701 St Ann's Ave, Bronx, NY 10455, USA",10455,"Bronx"
"164",164,"Mott Hall V",40.8318874,-73.8772819,"1551 E 172nd St, Bronx, NY 10472, USA",10472,"Bronx"
"165",165,"Mott Hall High School",40.817349,-73.94745,"4, 6 Edgecombe Ave, New York, NY 10030, USA",10030,"Manhattan"
"166",166,"Mott Hall Bronx High School",40.8396148,-73.9017332,"1595 Bathgate Ave, Bronx, NY 10457, USA",10457,"Bronx"
"167",167,"Morris Academy for Collaborative Studies",40.8272169,-73.9039243,"1100 Boston Rd, Bronx, NY 10456, USA",10456,"Bronx"
"168",168,"Monroe Academy for Visual Arts & Design",40.8323001,-73.8785801,"1300 Boynton Ave, Bronx, NY 10472, USA",10472,"Bronx"
"169",169,"Millennium High School",40.7046866,-74.0112304,"75 Broad St, New York, NY 10004, USA",10004,"Manhattan"
"170",170,"Millennium Brooklyn HS",40.6693177,-73.9786411,"237 7th Ave, Brooklyn, NY 11215, USA",11215,"Brooklyn"
"171",171,"Millennium Art Academy",40.8213444,-73.8556733,"1980 Lafayette Ave, Bronx, NY 10473, USA",10473,"Bronx"
"172",172,"Midwood High School",40.632833,-73.9523773,"2839 Bedford Ave, Brooklyn, NY 11210, USA",11210,"Brooklyn"
"173",173,"Middle College High School at LaGuardia Community",40.7433449,-73.933675,"3101 Thomson Ave, Long Island City, NY 11101, USA",11101,"Queens"
"174",174,"Metropolitan High School, The",40.827733,-73.897018,"1180 Rev James A Polite Ave, Bronx, NY 10459, USA",10459,"Bronx"
"175",175,"Metropolitan Expeditionary Learning School",40.708521,-73.8556713,"91-30 Metropolitan Ave, Forest Hills, NY 11375, USA",11375,"Queens"
"176",176,"Medgar Evers College Preparatory School",40.6669914,-73.9511135,"1186 Carroll St, Brooklyn, NY 11225, USA",11225,"Brooklyn"
"177",177,"Mathematics, Science Research and Technology Magne",40.6981894,-73.7460088,"207-01 116th Ave, Cambria Heights, NY 11411, USA",11411,"Queens"
"178",178,"Math, Engineering, and Science Academy Charter Hig",40.695375,-73.9156662,"231 Palmetto St, Brooklyn, NY 11221, USA",11221,"Brooklyn"
"179",179,"Maspeth High School",40.7291993,-73.8876918,"54-40 74th St, Queens, NY 11373, USA",11373,"Queens"
"180",180,"Martin Van Buren High School",40.7336309,-73.7391435,"230-17 Hillside Avenue, Queens Village, NY 11427, USA",11427,"Queens"
"181",181,"Marta Valle High School",40.7205149,-73.9856828,"145 Stanton St, New York, NY 10002, USA",10002,"Manhattan"
"182",182,"Marble Hill High School for International Studies",40.8771416,-73.9126839,"99 Terrace View Ave, Bronx, NY 10463, USA",10463,"Bronx"
"183",183,"Manhattan Village Academy",40.7418899,-73.9923147,"43 W 22nd St, New York, NY 10010, USA",10010,"Manhattan"
"184",184,"Manhattan Theatre Lab High School",40.7747793,-73.98472,"122 Amsterdam Ave, New York, NY 10023, USA",10023,"Manhattan"
"185",185,"Manhattan International High School",40.7657337,-73.9598154,"317 E 67th St, New York, NY 10065, USA",10065,"Manhattan"
"186",186,"Manhattan Early College School for Advertising",40.7112756,-74.0012679,"411 Pearl St, New York, NY 10038, USA",10038,"Manhattan"
"187",187,"Manhattan Center for Science and Mathematics",40.7943534,-73.9329763,"280 Pleasant Ave, New York, NY 10029, USA",10029,"Manhattan"
"188",188,"MANHATTAN BUSINESS ACADEMY",40.7433678,-74.0025475,"351 W 18th St, New York, NY 10011, USA",10011,"Manhattan"
"189",189,"Manhattan Bridges High School",40.7652446,-73.9927375,"525 W 50th St, New York, NY 10019, USA",10019,"Manhattan"
"190",190,"MANHATTAN ACADEMY FOR ARTS & LANGUAGE",40.746433,-73.981123,"111 East 33rd Street, 5th Floor, New York, NY 10016, United States",10016,"Manhattan"
"191",191,"Manhattan / Hunter Science High School",40.7747793,-73.98472,"122 Amsterdam Ave, New York, NY 10023, USA",10023,"Manhattan"
"192",192,"M.S. 223 The Laboratory School of Finance and Tech",40.813829,-73.920879,"360 E 145th St, Bronx, NY 10454, USA",10454,"Bronx"
"193",193,"Lyons Community School",40.7097646,-73.9445188,"223 Graham Ave #337b, Brooklyn, NY 11206, USA",11206,"Brooklyn"
"194",194,"Lower Manhattan Arts Academy",40.7169645,-73.9895323,"350 Grand St, New York, NY 10002, USA",10002,"Manhattan"
"195",195,"Long Island City High School",40.7654697,-73.9330529,"14-30 Broadway, Astoria, NY 11106, USA",11106,"Queens"
"196",196,"Life Sciences Secondary School",40.7832825,-73.9459371,"320 E 96th St, New York, NY 10128, USA",10128,"Manhattan"
"197",197,"Life Academy High School for Film and Music",40.5935726,-73.985987,"2630 Benson Ave, Brooklyn, NY 11214, USA",11214,"Brooklyn"
"198",198,"Leon M. Goldstein High School for the Sciences",40.5803155,-73.9349246,"1830 Shore Blvd, Brooklyn, NY 11235, USA",11235,"Brooklyn"
"199",199,"Legacy School for Integrated Studies",40.7364053,-73.9957205,"34 W 14th St #2, New York, NY 10011, USA",10011,"Manhattan"
"200",200,"Leadership Institute",40.7288738,-73.9946334,"1 West 4th Street, New York, NY 10012, USA",10012,"Manhattan"
"201",201,"Leadership and Public Service High School",40.7089611,-74.0124334,"90 Trinity Pl, New York, NY 10006, USA",10006,"Manhattan"
"202",202,"Law, Government and Community Service High School",40.698328,-73.74615,"207-01 116th Ave, Cambria Heights, NY 11411, USA",11411,"Queens"
"203",203,"Landmark High School",40.7431223,-74.0025077,"351 W 18th St, New York, NY 10011, USA",10011,"Manhattan"
"204",204,"Kurt Hahn Expeditionary Learning School",40.6480464,-73.9222115,"5800 Tilden Ave, Brooklyn, NY 11203, USA",11203,"Brooklyn"
"205",205,"Knowledge and Power Preparatory Academy Internatio",40.8594735,-73.888666,"500 E Fordham Rd, Bronx, NY 10458, USA",10458,"Bronx"
"206",206,"KIPP STAR College Prep Charter School",40.8197643,-73.9572398,"Riverside Park Community, 625 W 133rd St, New York, NY 10027, USA",10027,"Manhattan"
"207",207,"KIPP Infinity Charter School",40.8201527,-73.9567369,"625 W 133rd St, New York, NY 10027, USA",10027,"Manhattan"
"208",208,"KIPP AMP Charter School",40.6722094,-73.9372506,"1224 Park Pl, Brooklyn, NY 11213, USA",11213,"Brooklyn"
"209",209,"KIPP Academy Charter School",40.821482,-73.923794,"730 Concourse Village W, Bronx, NY 10451, USA",10451,"Bronx"
"210",210,"Kingsbridge International High School",40.8704419,-73.8969425,"2780 Reservoir Ave, Bronx, NY 10468, USA",10468,"Bronx"
"211",211,"Kingsborough Early College School",40.5936334,-73.9861661,"2630 Benson Ave, Brooklyn, NY 11214, USA",11214,"Brooklyn"
"212",212,"Kings Collegiate Charter School",40.6579108,-73.9203827,"1084 Lenox Rd, Brooklyn, NY 11212, USA",11212,"Brooklyn"
"213",213,"Khalil Gibran International Academy",40.6863861,-73.9797253,"362 Schermerhorn St, Brooklyn, NY 11217, USA",11217,"Brooklyn"
"214",214,"Juan Morel Campos Secondary School",40.7043785,-73.9531909,"215 Heyward St, Brooklyn, NY 11206, USA",11206,"Brooklyn"
"215",215,"Jonathan Levin High School for Media and Communica",40.8396545,-73.911386,"240 E 172nd St, Bronx, NY 10457, USA",10457,"Bronx"
"216",216,"John W. Lavelle Preparatory Charter School",40.605437,-74.1797089,"1 Teleport Dr, Staten Island, NY 10311, USA",10311,"Staten Island"
"217",217,"John Dewey High School",40.5874871,-73.9820566,"50 Avenue X, Brooklyn, NY 11223, USA",11223,"Brooklyn"
"218",218,"John Bowne High School",40.7387753,-73.8238923,"63-25 Main St, Flushing, NY 11367, USA",11367,"Queens"
"219",219,"John Adams High School",40.679276,-73.836564,"101-01 Rockaway Blvd, Ozone Park, NY 11417, USA",11417,"Queens"
"220",220,"Jane Addams High School for Academic Careers",40.8217489,-73.9024052,"900 Tinton Ave, Bronx, NY 10456, USA",10456,"Bronx"
"221",221,"James Madison High School",40.6101298,-73.947968,"3787 Bedford Ave, Brooklyn, NY 11229, USA",11229,"Brooklyn"
"222",222,"Jamaica Gateway to the Sciences",40.7141835,-73.7978589,"167-01 Gothic Dr, Jamaica, NY 11432, USA",11432,"Queens"
"223",223,"Jacqueline Kennedy Onassis High School",40.7576542,-73.9834089,"120 W 46th St, New York, NY 10036, USA",10036,"Manhattan"
"224",224,"J.H.S. 157 Stephen A. Halsey",40.7323207,-73.85295,"63-55 102nd St, Rego Park, NY 11374, USA",11374,"Queens"
"225",225,"It Takes a Village Academy",40.604018,-73.749909,"1045 Nameoke St, Far Rockaway, NY 11691, USA",11691,"Queens"
"226",226,"Inwood Early College for Health and Information Te",40.8659143,-73.925157,"650 Academy St, New York, NY 10034, USA",10034,"Manhattan"
"227",227,"International School for Liberal Arts",40.8704419,-73.8969425,"2780 Reservoir Ave, Bronx, NY 10468, USA",10468,"Bronx"
"228",228,"International Leadership Charter High School",40.8809237,-73.9092123,"3030 Riverdale Ave, Bronx, NY 10463, USA",10463,"Bronx"
"229",229,"International High School for Health Sciences",40.7408369,-73.8739856,"48-01 90th St, Queens, NY 11373, USA",11373,"Queens"
"230",230,"International High School at Union Square",40.7355088,-73.9874804,"40 Irving Pl, New York, NY 10003, USA",10003,"Manhattan"
"231",231,"International High School at Prospect Heights",40.6699636,-73.9615536,"883 Classon Ave, Brooklyn, NY 11225, USA",11225,"Brooklyn"
"232",232,"International High School at LaGuardia Community C",40.7439998,-73.9350125,"45-35 Van Dam St, Long Island City, NY 11101, USA",11101,"Queens"
"233",233,"International High School at Lafayette",40.5936235,-73.9861442,"2630 Benson Ave, Brooklyn, NY 11214, USA",11214,"Brooklyn"
"234",234,"International Community High School",40.8094243,-73.9172173,"345 Brook Ave, Bronx, NY 10454, USA",10454,"Bronx"
"235",235,"International Arts Business School",40.658665,-73.943838,"600 Kingston Ave, Brooklyn, NY 11203, USA",11203,"Brooklyn"
"236",236,"In-Tech Academy (M.S. / High School 368)",40.8790734,-73.911364,"2975 Tibbett Ave, Bronx, NY 10463, USA",10463,"Bronx"
"237",237,"Institute for Health Professions at Cambria Height",40.6983284,-73.7461497,"207-01 116th Ave, Jamaica, NY 11411, USA",11411,"Queens"
"238",238,"Institute for Collaborative Education",40.7326759,-73.9825764,"345 E 15th St, New York, NY 10003, USA",10003,"Manhattan"
"239",239,"Information Technology High School",40.7484914,-73.946552,"21-16 44th Rd, Long Island City, NY 11101, USA",11101,"Queens"
"240",240,"Hyde Leadership Charter School",40.8155936,-73.8852377,"730 Bryant Ave, Bronx, NY 10474, USA",10474,"Bronx"
"241",241,"Humanities & Arts Magnet High School",40.6981894,-73.7460088,"207-01 116th Ave, Cambria Heights, NY 11411, USA",11411,"Queens"
"242",242,"Hudson High School of Learning Technologies",40.7433679,-74.0025474,"351 W 18th St, New York, NY 10011, USA",10011,"Manhattan"
"243",243,"Hostos-Lincoln Academy of Science",40.8145714,-73.9120401,"600 St Ann's Ave, Bronx, NY 10455, USA",10455,"Bronx"
"244",244,"Holcombe L. Rucker School of Community Research",40.8175846,-73.8979824,"965 Longwood Ave, Bronx, NY 10459, USA",10459,"Bronx"
"245",245,"Hillside Arts & Letters Academy",40.7142819,-73.7980413,"167-01 Gothic Dr, Jamaica, NY 11432, USA",11432,"Queens"
"246",246,"Hillcrest High School",40.7095227,-73.8024715,"160-05 Highland Ave, Jamaica, NY 11432, USA",11432,"Queens"
"247",247,"High School of World Cultures",40.8320451,-73.8783844,"1300 Boynton Ave, Bronx, NY 10472, USA",10472,"Bronx"
"248",248,"High School of Sports Management",40.5935726,-73.985987,"2630 Benson Ave, Brooklyn, NY 11214, USA",11214,"Brooklyn"
"249",249,"High School of Language and Innovation",40.8602833,-73.8603759,"925 Astor Ave, Bronx, NY 10469, USA",10469,"Bronx"
"250",250,"High School of Hospitality Management",40.7655356,-73.9931625,"525 W 50th St, New York, NY 10019, USA",10019,"Manhattan"
"251",251,"High School of Graphic Communication Arts",40.7639856,-73.9903637,"439 W 49th St, New York, NY 10019, USA",10019,"Manhattan"
"252",252,"High School of Economics and Finance",40.7092906,-74.0123296,"100 Trinity Pl, New York, NY 10006, USA",10006,"Manhattan"
"253",253,"High School of Computers and Technology",40.8750988,-73.8616623,"800 E Gun Hill Rd, Bronx, NY 10467, USA",10467,"Bronx"
"254",254,"High School of Arts and Technology",40.7748991,-73.9856157,"122 Amsterdam Ave, New York, NY 10023, USA",10023,"Manhattan"
"255",255,"High School of Applied Communication",40.7448591,-73.9369449,"30-20 Thomson Ave, Long Island City, NY 11101, USA",11101,"Queens"
"256",256,"High School of American Studies at Lehman College",40.8748759,-73.8952231,"2925 Goulden Ave, Bronx, NY 10468, USA",10468,"Bronx"
"257",257,"High School of  Telecommunication Arts and Technol",40.6368371,-74.0233013,"350 67th St, Brooklyn, NY 11220, USA",11220,"Brooklyn"
"258",258,"High School for Youth and Community Development at",40.6494997,-73.9581617,"911 Flatbush Ave, Brooklyn, NY 11226, USA",11226,"Brooklyn"
"259",259,"High School for Violin and Dance",40.8272169,-73.9039243,"1100 Boston Rd, Bronx, NY 10456, USA",10456,"Bronx"
"260",260,"High School for Teaching and the Professions",40.8704419,-73.8969425,"2780 Reservoir Ave, Bronx, NY 10468, USA",10468,"Bronx"
"261",261,"High School for Service & Learning at Erasmus",40.6495813,-73.9581967,"911 Flatbush Ave, Brooklyn, NY 11226, USA",11226,"Brooklyn"
"262",262,"High School for Public Service: Heroes  of Tomorro",40.6593652,-73.9431462,"600 Kingston Ave, Brooklyn, NY 11203, USA",11203,"Brooklyn"
"263",263,"High School for Medical Professions",40.640423,-73.8984517,"1600 Rockaway Pkwy, Brooklyn, NY 11236, USA",11236,"Brooklyn"
"264",264,"High School for Media and Communications",40.8562127,-73.9265543,"549 Audubon Ave, New York, NY 10040, USA",10040,"Manhattan"
"265",265,"High School for Mathematics, Science and Engineeri",40.8214739,-73.9490389,"240 Convent Ave, New York, NY 10031, USA",10031,"Manhattan"
"266",266,"High School for Law, Advocacy and Community Justic",40.7747793,-73.98472,"122 Amsterdam Ave, New York, NY 10023, USA",10023,"Manhattan"
"267",267,"High School for Law Enforcement and Public Safety",40.6859426,-73.783534,"116-25 Guy R Brewer Blvd, Jamaica, NY 11434, USA",11434,"Queens"
"268",268,"High School for Law and Public Service",40.8558937,-73.9260333,"549 Audubon Ave, New York, NY 10040, USA",10040,"Manhattan"
"269",269,"High School for Innovation in Advertising and Medi",40.6409517,-73.8976898,"1600 Rockaway Pkwy, Brooklyn, NY 11236, USA",11236,"Brooklyn"
"270",270,"High School for Health Professions and Human Servi",40.7325413,-73.9828421,"345 E 15th St, New York, NY 10003, USA",10003,"Manhattan"
"271",271,"High School for Health Careers and Sciences",40.8555572,-73.9262029,"549 Audubon Ave, New York, NY 10040, USA",10040,"Manhattan"
"272",272,"High School for Environmental Studies",40.7679759,-73.9881796,"444 W 56th St, New York, NY 10019, USA",10019,"Manhattan"
"273",273,"High School for Energy and Technology",40.8552601,-73.8824187,"2474 Crotona Ave, Bronx, NY 10458, USA",10458,"Bronx"
"274",274,"High School for Dual Language and Asian Studies",40.7173162,-73.989318,"350 Grand St, New York, NY 10002, USA",10002,"Manhattan"
"275",275,"High School for Contemporary Arts",40.8750988,-73.8616623,"800 E Gun Hill Rd, Bronx, NY 10467, USA",10467,"Bronx"
"276",276,"High School for Construction Trades, Engineering a",40.6892738,-73.8412316,"94-06 104th St, Queens, NY 11416, USA",11416,"Queens"
"277",277,"High School for Community Leadership",40.7142166,-73.7980185,"167-01 Gothic Dr, Jamaica, NY 11432, USA",11432,"Queens"
"278",278,"High School for Civil Rights",40.6668454,-73.8952889,"400 Pennsylvania Ave, Brooklyn, NY 11207, USA",11207,"Brooklyn"
"279",279,"High School for Arts, Imagination and Inquiry",40.7748991,-73.9856156,"122 Amsterdam Ave, New York, NY 10023, USA",10023,"Manhattan"
"280",280,"High School for Arts and Business",40.7376899,-73.8534401,"105-25 Horace Harding Expy, Corona, NY 11368, USA",11368,"Queens"
"281",281,"Heritage School, The",40.791964,-73.946878,"1680 Lexington Ave, New York, NY 10029, USA",10029,"Manhattan"
"282",282,"Herbert H. Lehman High School",40.840173,-73.839357,"3000 E Tremont Ave - Floor 1, Bronx, NY 10461, United States",10461,"Bronx"
"283",283,"Henry Street School for International Studies",40.7134455,-73.9860332,"220 Henry St, New York, NY 10002, USA",10002,"Manhattan"
"284",284,"Health Opportunities High School",40.815542,-73.9304433,"350 Gerard Ave, Bronx, NY 10451, USA",10451,"Bronx"
"285",285,"Harvest Collegiate High School",40.7365985,-73.9954131,"34 W 14th St, New York, NY 10011, USA",10011,"Manhattan"
"286",286,"Harry S Truman High School",40.874285,-73.833329,"750 Baychester Ave, Bronx, NY 10475, USA",10475,"Bronx"
"287",287,"Harlem Village Academy Leadership Charter School",40.7992619,-73.9338696,"2351 1st Avenue, Floor 4, New York, NY 10035, United States",10035,"Manhattan"
"288",288,"Harlem Village Academy Charter School",40.8212634,-73.9407418,"244 W 144th St # 4th, New York, NY 10030, USA",10030,"Manhattan"
"289",289,"Harlem Children's Zone Promise Academy II Charter",40.8086945,-73.9368392,"1916 Park Ave, New York, NY 10037, USA",10037,"Manhattan"
"290",290,"Harlem Children's Zone Promise Academy 1 Charter S",40.8124461,-73.9482207,"245 W 129th St, New York, NY 10027, USA",10027,"Manhattan"
"291",291,"H.E.R.O. High (Health, Education, and Research Occ",40.810415,-73.9075759,"455 Southern Blvd, Bronx, NY 10455, USA",10455,"Bronx"
"292",292,"Grover Cleveland High School",40.7116316,-73.9091658,"21-27 Himrod St, Ridgewood, NY 11385, USA",11385,"Queens"
"293",293,"Gregorio Luperon High School for Science and Mathe",40.8382195,-73.9385431,"501 W 165th St, New York, NY 10032, USA",10032,"Manhattan"
"294",294,"Green School: An Academy for Environmental Careers",40.7097423,-73.9445006,"223 Graham Ave, Brooklyn, NY 11206, USA",11206,"Brooklyn"
"295",295,"Gramercy Arts High School",40.7353879,-73.987228,"40 Irving Pl, New York, NY 10003, USA",10003,"Manhattan"
"296",296,"Grace Dodge Career and Technical Education High Sc",40.8553275,-73.8824109,"2474 Crotona Ave, Bronx, NY 10458, USA",10458,"Bronx"
"297",297,"Gotham Professional Arts Academy",40.6801745,-73.9214624,"265 Ralph Ave, Brooklyn, NY 11233, USA",11233,"Brooklyn"
"298",298,"George Westinghouse Career and Technical Education",40.6958629,-73.9855862,"105 Tech Pl, Brooklyn, NY 11201, USA",11201,"Brooklyn"
"299",299,"George Washington Carver High School for the Scien",40.6679692,-73.7580558,"143-10 Springfield Blvd, Springfield Gardens, NY 11413, USA",11413,"Queens"
"300",300,"Gaynor McCown Expeditionary Learning School",40.581969,-74.1593599,"100 Essex Dr, Staten Island, NY 10314, USA",10314,"Staten Island"
"301",301,"Gateway School for Environmental Research and Tech",40.8213444,-73.8556733,"1980 Lafayette Ave, Bronx, NY 10473, USA",10473,"Bronx"
"302",302,"Frederick Douglass Academy VII High School",40.6655301,-73.9120609,"226 Bristol St, Brooklyn, NY 11212, USA",11212,"Brooklyn"
"303",303,"Frederick Douglass Academy VI High School",40.601532,-73.763979,"8-21 Bay 25th St, Far Rockaway, NY 11691, USA",11691,"Queens"
"304",304,"Frederick Douglass Academy IV Secondary School",40.6919757,-73.9314884,"1014 Lafayette Ave, Brooklyn, NY 11221, USA",11221,"Brooklyn"
"305",305,"Frederick Douglass Academy III Secondary School",40.8337212,-73.9038974,"3630 Third Ave, Bronx, NY 10456, USA",10456,"Bronx"
"306",306,"Frederick Douglass Academy II Secondary School",40.8025691,-73.9541214,"215 W 114th St, New York, NY 10026, USA",10026,"Manhattan"
"307",307,"Frederick Douglass Academy",40.8243982,-73.9365449,"2581 Adam Clayton Powell Jr Blvd, New York, NY 10039, USA",10039,"Manhattan"
"308",308,"Franklin Delano Roosevelt High School",40.6213242,-73.9825025,"5800 20th Ave, Brooklyn, NY 11204, USA",11204,"Brooklyn"
"309",309,"Frank Sinatra School of the Arts High School",40.7560972,-73.9251655,"35-12 35th Ave, Queens, NY 11106, USA",11106,"Queens"
"310",310,"FRANK McCOURT HIGH SCHOOL",40.7861222,-73.9744821,"145 W 84th St, New York, NY 10024, USA",10024,"Manhattan"
"311",311,"Francis Lewis High School",40.7407391,-73.7939348,"58-20 Utopia Pkwy, Fresh Meadows, NY 11365, USA",11365,"Queens"
"312",312,"Frances Perkins Academy",40.7222345,-73.9532927,"50 Bedford Ave, Brooklyn, NY 11222, USA",11222,"Brooklyn"
"313",313,"Foundations Academy",40.6968241,-73.9473055,"70 Tompkins Ave, Brooklyn, NY 11206, USA",11206,"Brooklyn"
"314",314,"Fort Hamilton High School",40.6271178,-74.0392943,"8301 Shore Rd, Brooklyn, NY 11209, USA",11209,"Brooklyn"
"315",315,"Forest Hills High School",40.7297115,-73.8449259,"67-01 110th St, Forest Hills, NY 11375, USA",11375,"Queens"
"316",316,"Foreign Language Academy of Global Studies",40.810911,-73.9092839,"470 Jackson Ave, Bronx, NY 10455, USA",10455,"Bronx"
"317",317,"Fordham Leadership Academy for Business and Techno",40.8595464,-73.8886017,"500 E Fordham Rd, Bronx, NY 10458, USA",10458,"Bronx"
"318",318,"Fordham High School for the Arts",40.8595423,-73.8885964,"500 E Fordham Rd, Bronx, NY 10458, USA",10458,"Bronx"
"319",319,"Food and Finance High School",40.7655356,-73.9931625,"525 W 50th St, New York, NY 10019, USA",10019,"Manhattan"
"320",320,"Flushing International High School",40.7600404,-73.8180648,"144-80 Barclay Ave, Flushing, NY 11355, USA",11355,"Queens"
"321",321,"Flushing High School",40.7651149,-73.8268567,"35-01 Union St, Queens, NY 11354, USA",11354,"Queens"
"322",322,"Fiorello H. LaGuardia High School of Music & Art a",40.7741856,-73.9851211,"100 Amsterdam Ave, New York, NY 10023, USA",10023,"Manhattan"
"323",323,"Felisa Rincon de Gautier Institute for Law and Pub",40.820831,-73.8806876,"1440 Story Ave, Bronx, NY 10473, USA",10473,"Bronx"
"324",324,"FDNY High School for Fire and Life Safety",40.6675989,-73.8947925,"400 Pennsylvania Ave, Brooklyn, NY 11207, USA",11207,"Brooklyn"
"325",325,"Fannie Lou Hamer Freedom High School",40.8310801,-73.8856007,"10001, Jennings Street, Bronx, New York 10460, United States",10460,"Bronx"
"326",326,"Facing History School, The",40.7655356,-73.9931625,"525 W 50th St, New York, NY 10019, USA",10019,"Manhattan"
"327",327,"Explorations Academy",40.8362837,-73.890659,"1619 Boston Rd, Bronx, NY 10460, USA",10460,"Bronx"
"328",328,"Expeditionary Learning School for Community Leader",40.5935726,-73.985987,"2630 Benson Ave, Brooklyn, NY 11214, USA",11214,"Brooklyn"
"329",329,"Eximius College Preparatory Academy: A College Boa",40.8339721,-73.9027472,"1363 Fulton Ave, Bronx, NY 10456, USA",10456,"Bronx"
"330",330,"Excelsior Preparatory High School",40.6680413,-73.7579342,"143-10 Springfield Blvd, Springfield Gardens, NY 11413, USA",11413,"Queens"
"331",331,"Excellence Boys Charter School",40.6834471,-73.9259532,"225 Patchen Ave, Brooklyn, NY 11233, USA",11233,"Brooklyn"
"332",332,"Essex Street Academy",40.717321,-73.989323,"350 Grand St, New York, NY 10002, USA",10002,"Manhattan"
"333",333,"ESPERANZA PREPARATORY ACADEMY",40.792727,-73.9421359,"240 E 109th St, New York, NY 10029, USA",10029,"Manhattan"
"334",334,"Epic High School - South",40.6750633,-73.8166916,"121-10 Rockaway Blvd, South Ozone Park, NY 11420, USA",11420,"Queens"
"335",335,"Epic High School - North",40.6926827,-73.8290101,"94-25 117th St, South Richmond Hill, NY 11419, USA",11419,"Queens"
"336",336,"Energy Tech High School",40.8552601,-73.8824187,"2474 Crotona Ave, Bronx, NY 10458, USA",10458,"Bronx"
"337",337,"Eleanor Roosevelt High School",40.770282,-73.953267,"411 E 76th St, New York, NY 10021, USA",10021,"Manhattan"
"338",338,"El Puente Academy for Peace and Justice",40.7056151,-73.9554827,"250 Hooper St, Brooklyn, NY 11211, USA",11211,"Brooklyn"
"339",339,"Edward R. Murrow High School",40.6197592,-73.9591139,"1600 Avenue L, Brooklyn, NY 11230, USA",11230,"Brooklyn"
"340",340,"EBC High School for Public Service - Bushwick",40.6947519,-73.9292674,"1155 Dekalb Ave, Brooklyn, NY 11221, USA",11221,"Brooklyn"
"341",341,"East-West School of International Studies",40.7494299,-73.82141,"46-21 Colden St, Flushing, NY 11355, USA",11355,"Queens"
"342",342,"East Side Community School",40.7293824,-73.982502,"420 E 12th St, New York, NY 10009, USA",10009,"Manhattan"
"343",343,"East New York Family Academy",40.6610312,-73.8869552,"2057 Linden Blvd, Brooklyn, NY 11207, USA",11207,"Brooklyn"
"344",344,"East Bronx Academy for the Future",40.8367822,-73.8877059,"1716 Southern Blvd, Bronx, NY 10460, USA",10460,"Bronx"
"345",345,"Eagle Academy for Young Men III",40.6779834,-73.915842,"1137 Herkimer St, Brooklyn, NY 11233, USA",11233,"Brooklyn"
"346",346,"Eagle Academy for Young Men II",40.6779834,-73.915842,"1137 Herkimer St, Brooklyn, NY 11233, USA",11233,"Brooklyn"
"347",347,"Eagle Academy for Young Men",40.845264,-73.897176,"4143 Third Ave, Bronx, NY 10457, USA",10457,"Bronx"
"348",348,"DreamYard Preparatory School",40.8396259,-73.9113888,"240 E 172nd St, Bronx, NY 10457, USA",10457,"Bronx"
"349",349,"Dr. Susan S. McKinney Secondary School of the Arts",40.6969046,-73.9759851,"101 Park Ave, Brooklyn, NY 11205, USA",11205,"Brooklyn"
"350",350,"Dr. Richard Izquierdo Health and Science Charter S",40.8273541,-73.9005875,"800 Home St, Bronx, NY 10456, USA",10456,"Bronx"
"351",351,"Discovery High School",40.870474,-73.897125,"2780 Reservoir Ave, Bronx, NY 10468, USA",10468,"Bronx"
"352",352,"DeWitt Clinton High School",40.881324,-73.887407,"100 W Mosholu Pkwy S, Bronx, NY 10468, USA",10468,"Bronx"
"353",353,"Democracy Prep Harlem Charter School",40.814412,-73.945122,"207 W 133rd St, New York, NY 10030, USA",10030,"Manhattan"
"354",354,"Democracy Prep Charter School",40.8145421,-73.9450301,"222 W 134th St, New York, NY 10030, USA",10030,"Manhattan"
"355",355,"Cypress Hills Collegiate Preparatory School",40.6930052,-73.8690682,"999 Jamaica Ave, Brooklyn, NY 11208, USA",11208,"Brooklyn"
"356",356,"Curtis High School",40.645186,-74.0816561,"105 Hamilton Ave, Staten Island, NY 10301, USA",10301,"Staten Island"
"357",357,"Cultural Academy for the Arts and Sciences",40.6480444,-73.9222286,"5800 Tilden Ave, Brooklyn, NY 11203, USA",11203,"Brooklyn"
"358",358,"CSI High School for International Studies",40.5819075,-74.1590049,"100 Essex Dr, Staten Island, NY 10314, USA",10314,"Staten Island"
"359",359,"Crotona International High School",40.8553839,-73.8823041,"2474 Crotona Ave, Bronx, NY 10458, USA",10458,"Bronx"
"360",360,"Coney Island Preparatory Public Charter School",40.5943989,-73.9938545,"8787 24th Ave, Brooklyn, NY 11214, USA",11214,"Brooklyn"
"361",361,"Comprehensive Model School Project M.S. 327",40.8432195,-73.9160047,"1501 Jerome Ave, Bronx, NY 10452, USA",10452,"Bronx"
"362",362,"Community School for Social Justice",40.8158033,-73.9298282,"350 Gerard Ave, Bronx, NY 10451, USA",10451,"Bronx"
"363",363,"Community Health Academy of the Heights",40.8336419,-73.9422627,"504 W 158th St, New York, NY 10032, USA",10032,"Manhattan"
"364",364,"Columbia Secondary School",40.810687,-73.956061,"425 W 123rd St, New York, NY 10027, USA",10027,"Manhattan"
"365",365,"Collegiate Institute for Math and Science",40.8602833,-73.8603759,"925 Astor Ave, Bronx, NY 10469, USA",10469,"Bronx"
"366",366,"Cobble Hill School of American Studies",40.6848686,-73.99077,"347 Baltic St, Brooklyn, NY 11201, USA",11201,"Brooklyn"
"367",367,"Coalition School for Social Change",40.7992278,-73.9338214,"2351 1st Avenue, New York, NY 10035, USA",10035,"Manhattan"
"368",368,"Claremont International HS",40.8396545,-73.9113859,"240 E 172nd St, Bronx, NY 10457, USA",10457,"Bronx"
"369",369,"Clara Barton High School",40.6691193,-73.9617434,"901 Classon Ave, Brooklyn, NY 11225, USA",11225,"Brooklyn"
"370",370,"Civic Leadership Academy",40.743204,-73.871482,"45-10 94th St, Queens, NY 11373, USA",11373,"Queens"
"371",371,"City Polytechnic High School of Engineering, Archi",40.6956553,-73.9858309,"105 Tech Pl, Brooklyn, NY 11201, USA",11201,"Brooklyn"
"372",372,"City College Academy of the Arts",40.8608456,-73.9301494,"4600 Broadway, New York, NY 10040, USA",10040,"Manhattan"
"373",373,"Choir Academy of Harlem",40.8070626,-73.9388294,"2005 Madison Ave, New York, NY 10035, USA",10035,"Manhattan"
"374",374,"Chelsea Career and Technical Education High School",40.7245689,-74.0048241,"131 6th Ave, New York, NY 10013, USA",10013,"Manhattan"
"375",375,"Channel View School for Research",40.5866656,-73.8234351,"100-00 Beach Channel Dr, Rockaway Park, NY 11694, USA",11694,"Queens"
"376",376,"Central Park East High School",40.7936899,-73.9491583,"1573 Madison Ave, New York, NY 10029, USA",10029,"Manhattan"
"377",377,"Celia Cruz Bronx High School of Music, The",40.8705478,-73.8972152,"2780 Reservoir Ave, Bronx, NY 10468, USA",10468,"Bronx"
"378",378,"Cambria Heights Academy",40.7116047,-73.7709697,"188-04 91st Ave, Hollis, NY 11423, USA",11423,"Queens"
"379",379,"Business, Computer Applications & Entrepreneurship",40.698328,-73.74615,"207-01 116th Ave, Cambria Heights, NY 11411, USA",11411,"Queens"
"380",380,"Business Technology Early College High School",40.733761,-73.7390273,"230-17 Hillside Avenue, Queens Village, NY 11427, USA",11427,"Queens"
"381",381,"BUSINESS OF SPORTS SCHOOL",40.7639937,-73.9904866,"439 W 49th St, New York, NY 10019, USA",10019,"Manhattan"
"382",382,"Bushwick School for Social Justice",40.6968124,-73.9117231,"400 Irving Ave, Brooklyn, NY 11237, USA",11237,"Brooklyn"
"383",383,"Bushwick Leaders High School for Academic Excellen",40.6953387,-73.9274444,"797 Bushwick Ave, Brooklyn, NY 11221, USA",11221,"Brooklyn"
"384",384,"Brownsville Collegiate Charter School",40.6686541,-73.9051131,"364 Sackman St, Brooklyn, NY 11212, USA",11212,"Brooklyn"
"385",385,"Brooklyn Theatre Arts High School",40.6335392,-73.9174421,"6565 Flatlands Ave, Brooklyn, NY 11236, USA",11236,"Brooklyn"
"386",386,"Brooklyn Technical High School",40.6895732,-73.9762527,"29 Fort Greene Pl, Brooklyn, NY 11217, USA",11217,"Brooklyn"
"387",387,"Brooklyn Studio Secondary School",40.6048465,-73.9947464,"8310 21st Ave, Brooklyn, NY 11214, USA",11214,"Brooklyn"
"388",388,"Brooklyn Secondary School for Collaborative Studie",40.6794323,-74.0019427,"610 Henry St, Brooklyn, NY 11231, USA",11231,"Brooklyn"
"389",389,"Brooklyn School for Music & Theatre",40.6700279,-73.9610552,"883 Classon Ave, Brooklyn, NY 11225, USA",11225,"Brooklyn"
"390",390,"Brooklyn School for Global Studies",40.6849969,-73.9930755,"284 Baltic St, Brooklyn, NY 11201, USA",11201,"Brooklyn"
"391",391,"Brooklyn Prospect Charter School",40.6480264,-73.9785505,"3002 Fort Hamilton Pkwy, Brooklyn, NY 11218, USA",11218,"Brooklyn"
"392",392,"Brooklyn Preparatory High School",40.7154197,-73.9549291,"257 N 6th St, Brooklyn, NY 11211, USA",11211,"Brooklyn"
"393",393,"Brooklyn Latin School, The",40.7097646,-73.9445189,"223 Graham Ave, Brooklyn, NY 11206, USA",11206,"Brooklyn"
"394",394,"Brooklyn Lab School",40.6928503,-73.8689912,"999 Jamaica Ave, Brooklyn, NY 11208, USA",11208,"Brooklyn"
"395",395,"Brooklyn International High School",40.6973449,-73.9844964,"49 Flatbush Ave Ext, Brooklyn, NY 11201, USA",11201,"Brooklyn"
"396",396,"Brooklyn Institute for Liberal Arts",40.6586122,-73.9430922,"600 Kingston Ave, Brooklyn, NY 11203, USA",11203,"Brooklyn"
"397",397,"Brooklyn High School of the Arts",40.6838346,-73.9803552,"345 Dean St, Brooklyn, NY 11217, USA",11217,"Brooklyn"
"398",398,"Brooklyn High School for Law and Technology",40.6884532,-73.9207644,"1396 Broadway, Brooklyn, NY 11221, USA",11221,"Brooklyn"
"399",399,"Brooklyn Generation School",40.6335392,-73.9174421,"6565 Flatlands Ave, Brooklyn, NY 11236, USA",11236,"Brooklyn"
"400",400,"Brooklyn East Collegiate Charter School",40.678424,-73.9658195,"80 Underhill Ave, Brooklyn, NY 11238, USA",11238,"Brooklyn"
"401",401,"Brooklyn Community High School of Communication, A",40.6917001,-73.9584562,"300 Willoughby Ave, Brooklyn, NY 11205, USA",11205,"Brooklyn"
"402",402,"Brooklyn Collegiate: A College Board School",40.6744933,-73.9132462,"2021 Bergen St, Brooklyn, NY 11233, USA",11233,"Brooklyn"
"403",403,"Brooklyn College Academy",40.6492022,-73.9718961,"350 Coney Island Ave, Brooklyn, NY 11218, USA",11218,"Brooklyn"
"404",404,"Brooklyn Academy of Science and the Environment",40.6700279,-73.9610552,"883 Classon Ave, Brooklyn, NY 11225, USA",11225,"Brooklyn"
"405",405,"Bronxdale High School",40.8603726,-73.8602604,"925 Astor Ave, Bronx, NY 10469, USA",10469,"Bronx"
"406",406,"Bronx Theatre High School",40.8774191,-73.9132583,"99 Terrace View Ave, Bronx, NY 10463, USA",10463,"Bronx"
"407",407,"Bronx Studio School for Writers and Artists",40.8203983,-73.8929382,"928 Simpson St, Bronx, NY 10459, USA",10459,"Bronx"
"408",408,"Bronx School of Law and Finance",40.8776412,-73.913386,"99 Terrace View Ave, Bronx, NY 10463, USA",10463,"Bronx"
"409",409,"Bronx School for Law, Government and Justice",40.827493,-73.9190153,"244 E 163rd St, Bronx, NY 10451, USA",10451,"Bronx"
"410",410,"Bronx River High School",40.839983,-73.8393794,"3000 E Tremont Ave, Bronx, NY 10461, USA",10461,"Bronx"
"411",411,"Bronx Preparatory Charter School",40.8389683,-73.900106,"3872 Third Ave, Bronx, NY 10457, USA",10457,"Bronx"
"412",412,"Bronx Lighthouse Charter School",40.8234049,-73.897151,"1005 Intervale Ave, Bronx, NY 10459, USA",10459,"Bronx"
"413",413,"Bronx Leadership Academy II High School",40.822489,-73.92314,"730A Concourse Village W, Bronx, NY 10451, USA",10451,"Bronx"
"414",414,"Bronx Leadership Academy High School",40.8434287,-73.9031094,"1710 Webster Ave, Bronx, NY 10457, USA",10457,"Bronx"
"415",415,"Bronx Latin",40.8271204,-73.9008891,"800 Home St #426, Bronx, NY 10456, USA",10456,"Bronx"
"416",416,"Bronx Lab School",40.8750988,-73.8616623,"800 E Gun Hill Rd, Bronx, NY 10467, USA",10467,"Bronx"
"417",417,"Bronx International High School",40.8271913,-73.9040046,"1100 Boston Rd, Bronx, NY 10456, USA",10456,"Bronx"
"418",418,"Bronx High School of Science",40.8783054,-73.890843,"75 W 205th St, Bronx, NY 10468, USA",10468,"Bronx"
"419",419,"Bronx High School of Business",40.8396545,-73.911386,"240 E 172nd St, Bronx, NY 10457, USA",10457,"Bronx"
"420",420,"Bronx High School for Writing and Communication Ar",40.8751619,-73.8616096,"800 E Gun Hill Rd, Bronx, NY 10467, USA",10467,"Bronx"
"421",421,"Bronx High School for the Visual Arts",40.8517178,-73.864467,"50 Antin Pl, Bronx, NY 10462, USA",10462,"Bronx"
"422",422,"Bronx High School for Medical Science",40.8396545,-73.911386,"240 E 172nd St, Bronx, NY 10457, USA",10457,"Bronx"
"423",423,"Bronx High School for Law and Community Service",40.8595181,-73.8885909,"500 E Fordham Rd, Bronx, NY 10458, USA",10458,"Bronx"
"424",424,"Bronx Health Sciences High School",40.8740126,-73.8333032,"750 Baychester Ave, Bronx, NY 10475, USA",10475,"Bronx"
"425",425,"Bronx Guild",40.821999,-73.855774,"1980 Lafayette Ave, Bronx, NY 10473, USA",10473,"Bronx"
"426",426,"Bronx Envision Academy",40.8363157,-73.8907414,"1619 Boston Rd, Bronx, NY 10460, USA",10460,"Bronx"
"427",427,"Bronx Engineering and Technology Academy",40.8776027,-73.9133334,"99 Terrace View Ave, Bronx, NY 10463, USA",10463,"Bronx"
"428",428,"Bronx Early College Academy for Teaching & Learnin",40.8281781,-73.9175579,"250 E 164th St, Bronx, NY 10456, USA",10456,"Bronx"
"429",429,"Bronx Design and Construction Academy",40.8186347,-73.9199144,"333 E 151st St, Bronx, NY 10451, USA",10451,"Bronx"
"430",430,"Bronx Compass High School",40.8213228,-73.855699,"1980 Lafayette Ave, Bronx, NY 10473, USA",10473,"Bronx"
"431",431,"Bronx Collegiate Academy",40.839614,-73.911386,"240 E 172nd St, Bronx, NY 10457, USA",10457,"Bronx"
"432",432,"Bronx Collaborative High School",40.8817428,-73.8871175,"3rd Floor North, 100 W Mosholu Pkwy S, Bronx, NY 10468, United States",10468,"Bronx"
"433",433,"Bronx Center for Science and Mathematics",40.8339721,-73.9027472,"1363 Fulton Ave, Bronx, NY 10456, USA",10456,"Bronx"
"434",434,"Bronx Career and College Preparatory High School",40.8271204,-73.9008891,"800 Home St, Bronx, NY 10456, USA",10456,"Bronx"
"435",435,"BRONX BRIDGES HIGH SCHOOL",40.8214475,-73.8556542,"1980 Lafayette Ave, Bronx, NY 10473, USA",10473,"Bronx"
"436",436,"Bronx Aerospace High School",40.8751619,-73.8616096,"800 E Gun Hill Rd, Bronx, NY 10467, USA",10467,"Bronx"
"437",437,"Bronx Academy of Health Careers",40.8750988,-73.8616623,"800 E Gun Hill Rd, Bronx, NY 10467, USA",10467,"Bronx"
"438",438,"Bronx Academy for Software Engineering (BASE)",40.855217,-73.8826068,"2474 Crotona Ave, Bronx, NY 10458, USA",10458,"Bronx"
"439",439,"Bread & Roses Integrated Arts High School",40.8172824,-73.947238,"6 Edgecombe Ave, New York, NY 10030, USA",10030,"Manhattan"
"440",440,"Boys and Girls High School",40.6789227,-73.9316585,"1700 Fulton St, Brooklyn, NY 11213, USA",11213,"Brooklyn"
"441",441,"Benjamin N. Cardozo High School",40.7519018,-73.7565313,"5700 223rd St, Bayside, NY 11364, USA",11364,"Queens"
"442",442,"Benjamin Franklin High School for Finance & Inform",40.6981894,-73.7460088,"207-01 116th Ave, Jamaica, NY 11411, USA",11411,"Queens"
"443",443,"Benjamin Banneker Academy",40.6955429,-73.9687151,"77 Clinton Ave, Brooklyn, NY 11205, USA",11205,"Brooklyn"
"444",444,"Belmont Preparatory High School",40.8594021,-73.8886743,"500 E Fordham Rd, Bronx, NY 10458, USA",10458,"Bronx"
"445",445,"Bedford Stuyvesant Collegiate -Uncommon Collegiate",40.6880664,-73.9326769,"800 Gates Ave, Brooklyn, NY 11221, USA",11221,"Brooklyn"
"446",446,"Bedford Academy High School",40.6854101,-73.9541902,"1119 Bedford Ave, Brooklyn, NY 11216, USA",11216,"Brooklyn"
"447",447,"Beacon High School",40.7613951,-73.9959894,"522 W 44th St, New York, NY 10036, USA",10036,"Manhattan"
"448",448,"Bayside High School",40.7714489,-73.7810639,"3224 Corporal Kennedy St, Bayside, NY 11361, USA",11361,"Queens"
"449",449,"Baruch College Campus High School",40.7418485,-73.985909,"55 E 25th St, New York, NY 10010, USA",10010,"Manhattan"
"450",450,"Bard High School Early College Queens",40.7448591,-73.9369449,"30-20 Thomson Ave, Long Island City, NY 11101, USA",11101,"Queens"
"451",451,"Bard High School Early College",40.7182547,-73.9760185,"525 E Houston St, New York, NY 10002, USA",10002,"Manhattan"
"452",452,"Banana Kelly High School",40.8176439,-73.8980239,"965 Longwood Ave, Bronx, NY 10459, USA",10459,"Bronx"
"453",453,"Baccalaureate School for Global Education",40.7551568,-73.9269736,"34-12 36th Ave, Astoria, NY 11106, USA",11106,"Queens"
"454",454,"Aviation Career & Technical Education High School",40.743581,-73.9292176,"45-30 36th St, Long Island City, NY 11101, USA",11101,"Queens"
"455",455,"Automotive High School",40.7224451,-73.9532235,"50 Bedford Ave, Brooklyn, NY 11222, USA",11222,"Brooklyn"
"456",456,"August Martin High School",40.6747641,-73.7832326,"156-10 Baisley Blvd, Jamaica, NY 11434, USA",11434,"Queens"
"457",457,"Astor Collegiate Academy",40.8602833,-73.8603759,"925 Astor Ave, Bronx, NY 10469, USA",10469,"Bronx"
"458",458,"Arts & Media Preparatory Academy",40.658679,-73.928761,"905 Winthrop St, Brooklyn, NY 11203, USA",11203,"Brooklyn"
"459",459,"Art and Design High School",40.7591326,-73.9664438,"245 E 56th St, New York, NY 10022, USA",10022,"Manhattan"
"460",460,"Archimedes Academy for Math, Science and Technolog",40.8150174,-73.8560178,"456 White Plains Rd, Bronx, NY 10473, USA",10473,"Bronx"
"461",461,"Antonia Pantoja Preparatory Academy: A College Boa",40.8213444,-73.8556733,"1980 Lafayette Ave, Bronx, NY 10473, USA",10473,"Bronx"
"462",462,"All City Leadership Secondary School",40.6975906,-73.9130973,"321 Palmetto St, Brooklyn, NY 11237, USA",11237,"Brooklyn"
"463",463,"Alfred E. Smith Career and Technical Education Hig",40.8185183,-73.9199681,"333 E 151st St, Bronx, NY 10451, USA",10451,"Bronx"
"464",464,"ACORN Community High School",40.6785854,-73.9619432,"561 Grand Ave, Brooklyn, NY 11238, USA",11238,"Brooklyn"
"465",465,"Achievement First Endeavor Charter School",40.6823171,-73.965849,"510 Waverly Ave, Brooklyn, NY 11238, USA",11238,"Brooklyn"
"466",466,"Achievement First East New York Charter School",40.6637837,-73.8932587,"557 Pennsylvania Ave, Brooklyn, NY 11207, USA",11207,"Brooklyn"
"467",467,"Achievement First Crown Heights Charter School",40.6622465,-73.9363232,"790 E New York Ave, Brooklyn, NY 11203, USA",11203,"Brooklyn"
"468",468,"Achievement First Bushwick Charter School",40.6889123,-73.9102637,"125 Covert St, Brooklyn, NY 11207, USA",11207,"Brooklyn"
"469",469,"Academy of Urban Planning",40.6968124,-73.9117231,"400 Irving Ave, Brooklyn, NY 11221, USA",11221,"Brooklyn"
"470",470,"Academy of Medical Technology: A College Board Sch",40.6015311,-73.7639639,"8-21 Bay 25th St, Far Rockaway, NY 11691, USA",11691,"Queens"
"471",471,"Academy of Innovative Technology",40.6928503,-73.8689912,"999 Jamaica Ave, Brooklyn, NY 11208, USA",11208,"Brooklyn"
"472",472,"Academy of Hospitality and Tourism",40.6494997,-73.9581617,"911 Flatbush Ave, Brooklyn, NY 11226, USA",11226,"Brooklyn"
"473",473,"Academy of Finance and  Enterprise",40.7444771,-73.9367909,"30-20 Thomson Ave, Long Island City, NY 11101, USA",11101,"Queens"
"474",474,"Academy of American Studies",40.7512433,-73.9374847,"28-04 41st Ave, Long Island City, NY 11101, USA",11101,"Queens"
"475",475,"Academy for Young Writers",40.6573166,-73.8740712,"1065 Elton St, Brooklyn, NY 11239, USA",11239,"Brooklyn"
"476",476,"Academy for Software Engineering",40.735543,-73.987478,"40 Irving Pl, New York, NY 10003, USA",10003,"Manhattan"
"477",477,"Academy for Social Action: A College Board School",40.8154784,-73.9555563,"509 W 129th St, New York, NY 10027, USA",10027,"Manhattan"
"478",478,"Academy for Scholarship and Entrepreneurship: A Co",40.888161,-73.8524927,"921 E 228th St, Bronx, NY 10466, USA",10466,"Bronx"
"479",479,"Academy for Language and Technology",40.8493122,-73.915653,"1700 Macombs Rd, Bronx, NY 10453, USA",10453,"Bronx"
"480",480,"Academy for Health Careers",40.6759239,-73.9392856,"150 Albany Ave, Brooklyn, NY 11213, USA",11213,"Brooklyn"
"481",481,"Academy for Environmental Leadership",40.6970064,-73.9117456,"4, 400 Irving Ave, Brooklyn, NY 11237, USA",11237,"Brooklyn"
"482",482,"Academy for Conservation and the Environment",40.6335392,-73.9174422,"6565 Flatlands Ave, Brooklyn, NY 11236, USA",11236,"Brooklyn"
"483",483,"Academy for College Preparation and Career Explora",40.6494997,-73.9581617,"911 Flatbush Ave, Brooklyn, NY 11226, USA",11226,"Brooklyn"
"484",484,"Academy for Careers in Television and Film",40.7432785,-73.9590348,"1-50 51st Ave #411, Long Island City, NY 11101, USA",11101,"Queens"
"485",485,"Abraham Lincoln High School",40.5823896,-73.9686225,"2800 Ocean Pkwy, Brooklyn, NY 11235, USA",11235,"Brooklyn"
"486",486,"A. Philip Randolph Campus High School",40.8183975,-73.9501148,"443 W 135th St, New York, NY 10031, USA",10031,"Manhattan"
"487",487,"47 The American Sign Language and English Secondar",40.7382609,-73.9812096,"225 E 23rd St, New York, NY 10010, USA",10010,"Manhattan"
